{"cameraMode":{"drawMode":0,"name":"Shaded","section":"Shading Mode"},"sceneLighting":true,"audioPlay":false,"sceneViewState":{"m_AlwaysRefresh":false,"showFog":true,"showSkybox":true,"showFlares":true,"showImageEffects":true,"showParticleSystems":true,"showVisualEffectGraphs":true,"m_FxEnabled":true},"in2DMode":false,"pivot":{"x":3.1024038791656496,"y":-22.646095275878908,"z":7.3631744384765629},"rotation":{"x":0.6229901313781738,"y":0.08723414689302445,"z":-0.0697999894618988,"w":0.7747615575790405},"size":17.178627014160158,"orthographic":false}