{"cameraMode":{"drawMode":0,"name":"Shaded","section":"Shading Mode"},"sceneLighting":true,"audioPlay":false,"sceneViewState":{"m_AlwaysRefresh":false,"showFog":true,"showSkybox":true,"showFlares":true,"showImageEffects":true,"showParticleSystems":true,"showVisualEffectGraphs":true,"m_FxEnabled":true},"in2DMode":false,"pivot":{"x":111.61140441894531,"y":48.038658142089847,"z":192.60382080078126},"rotation":{"x":-0.07015109807252884,"y":-0.005090638995170593,"z":0.0003578462637960911,"w":-0.9975265264511108},"size":138.2976837158203,"orthographic":false}