{"cameraMode":{"drawMode":0,"name":"Shaded","section":"Shading Mode"},"sceneLighting":true,"audioPlay":false,"sceneViewState":{"m_AlwaysRefresh":false,"showFog":true,"showSkybox":true,"showFlares":true,"showImageEffects":true,"showParticleSystems":true,"showVisualEffectGraphs":true,"m_FxEnabled":true},"in2DMode":false,"pivot":{"x":4.813007831573486,"y":5.546382904052734,"z":-11.236272811889649},"rotation":{"x":-0.028803236782550813,"y":-0.022103581577539445,"z":-0.00022786356566939503,"w":0.9998524188995361},"size":1.2103893756866456,"orthographic":false}