{"cameraMode":{"drawMode":0,"name":"Shaded","section":"Shading Mode"},"sceneLighting":true,"audioPlay":false,"sceneViewState":{"m_AlwaysRefresh":false,"showFog":true,"showSkybox":true,"showFlares":true,"showImageEffects":true,"showParticleSystems":true,"showVisualEffectGraphs":true,"m_FxEnabled":true},"in2DMode":false,"pivot":{"x":0.8366711139678955,"y":5.176844596862793,"z":-7.527885913848877},"rotation":{"x":0.0871625766158104,"y":0.05935734137892723,"z":-0.005236415658146143,"w":0.9947908520698547},"size":0.8660253882408142,"orthographic":false}